{"cameraMode":{"drawMode":0,"name":"Shaded","section":"Shading Mode"},"sceneLighting":false,"audioPlay":false,"sceneViewState":{"m_AlwaysRefresh":false,"showFog":true,"showSkybox":false,"showFlares":true,"showImageEffects":true,"showParticleSystems":true,"showVisualEffectGraphs":true,"m_FxEnabled":true},"in2DMode":false,"pivot":{"x":-3.864121913909912,"y":-3.0503547191619875,"z":0.7925419807434082},"rotation":{"x":0.18985219299793244,"y":-0.49514099955558779,"z":0.11215018481016159,"w":0.8404675722122192},"size":8.359920501708985,"orthographic":false}