{"cameraMode":{"drawMode":0,"name":"Shaded","section":"Shading Mode"},"sceneLighting":false,"audioPlay":false,"sceneViewState":{"m_AlwaysRefresh":false,"showFog":true,"showSkybox":false,"showFlares":true,"showImageEffects":true,"showParticleSystems":true,"showVisualEffectGraphs":true,"m_FxEnabled":true},"in2DMode":false,"pivot":{"x":-6.096022129058838,"y":0.03229812532663345,"z":-3.1324079036712648},"rotation":{"x":0.20453692972660066,"y":-0.22517520189285279,"z":0.04867316037416458,"w":0.9514539837837219},"size":9.197709083557129,"orthographic":false}